batch_id,score
1,1.1778356959202034
10,1.1631621481928658
